Company Name,Website,# Employees,Company City,Couno Status
Global Alliance of Impact Lawyers (GAIL),http://www.gailnet.org,54.0,London,New
Court Enforcement Services,http://www.courtenforcementservices.co.uk,81.0,London,New
Vantage Point,http://www.vantagepointglobal.com,81.0,London,New
Keltie,http://www.keltie.comhttps,140.0,London,New
Bolt Burdon Kemp,http://www.boltburdonkemp.co.uk,160.0,London,New
Bridging The Bar,http://www.bridgingthebar.org,70.0,London,New
9BR International,,23.0,London,New
Fraser and Fraser,http://www.fraserandfraser.co.uk,79.0,London,New
Old Square Tax chambers,http://www.taxchambers.com,23.0,London,New
Advantage Solicitors LTD,http://www.advantagesolicitors.com,36.0,London,New
Myers Fletcher & Gordon,http://www.mfglon.co.uk,24.0,London,New
Stepien Lake LLP,http://www.stepienlake.co.uk,23.0,London,New
Legastat Ltd,http://www.legastat.co.uk,35.0,London,New
Avantia Law,http://www.avantialaw.com,130.0,London,Already Worked
6KBW College Hill,http://www.6kbw.com,41.0,London,Already Worked
The IDRC,http://www.idrc.co.uk,27.0,London,New
Culver Law Ltd,http://www.culverlaw.co.uk,26.0,London,New
ip21 Ltd,http://www.ip21.com,24.0,London,New
2 Harcourt Buildings,http://www.2hb.co.uk,45.0,London,New
Imperium Chambers,http://www.imperiumchambers.co.uk,22.0,London,New
Blackwood Group,http://www.blackwoodgroup.com,79.0,London,New
Lee Bolton Monier-Williams LLP,http://www.lbmw.com,78.0,London,New
Centuro Global,http://www.centuroglobal.com,44.0,London,New
Capital Placement,http://www.capital-placement.com,37.0,London,New
AVRillo Conveyancing,http://www.avrillo.co.uk,57.0,London,Already Worked
LMBC,http://www.legalminutes.com,45.0,London,New
"Law&Trust - International legal services, Tax, Fintech, Intellectual, Licensing",http://www.lawstrust.com,27.0,London,New
PET PAVILION LIMITED,,,London,New
IXP Visas,http://www.globalvisas.com,70.0,London,New
Exsus,http://www.exsusglobal.com,38.0,London,New
Falcon Chambers,http://www.falcon-chambers.com,64.0,London,New
CompuMark I Trademark Research and Protection,,3.0,London,New
Ascheri Nelson LLP,http://www.ascherinelson.uk,27.0,London,New
MK Law Solicitors,http://www.mk-law.co.uk,44.0,London,New
GQ|Littler,http://www.littler.co.uk,49.0,London,New
OMNIA STRATEGY LLP,http://www.omniastrategy.com,23.0,London,New
Lisa's Law Solicitors,http://www.lisaslaw.co.uk,56.0,London,New
5 Stone Buildings,http://www.5sblaw.com,42.0,London,Already Worked
Hopkin Murray Beskine,http://www.hmbsolicitors.co.uk,25.0,London,New
Hutchins & Co,http://www.hutchinslaw.co.uk,31.0,London,New
Powell Spencer and Partners,http://www.psplaw.co.uk,36.0,London,Already Worked
Harpers,http://www.harperslegal.com,30.0,London,New
Maurice Turnor Gardner LLP,http://www.mauriceturnorgardner.com,64.0,London,New
New Quadrant - Private Office,http://www.newquadrantpartners.com,29.0,London,New
Edwards Duthie Shamash Solicitors,http://www.edwardsduthieshamash.co.uk,88.0,London,New
Hannaford Turner LLP,http://www.hannafordturner.com,24.0,London,New
Fenchurch Law,http://www.fenchurchlaw.com,35.0,London,New
Kingsley Wood,http://www.kingsley-wood.com,46.0,London,New
Druces LLP,http://www.druces.com,95.0,London,New
Temple Bright LLP,http://www.templebright.com,84.0,London,New
Thomas More Chambers,http://www.thomasmore.co.uk,72.0,London,New
Grant Saw Solicitors LLP,http://www.grantsaw.com,68.0,London,New
Huggins Lewis Foskett Solicitors,http://www.hugginslaw.co.uk,22.0,London,New
ebl miller rosenfalck,http://www.ebl-mr.com,23.0,London,New
5 Essex Chambers,http://www.5essex.co.uk,71.0,London,New
Goldsmith Chambers,http://www.goldsmithchambers.com,84.0,London,New
Ince & Co. Private Wealth,http://www.inceco.com,45.0,London,New
11KBW,http://www.11kbw.com,85.0,London,New
Arc Pensions Law,http://www.arcpensionslaw.com,28.0,London,New
Aria Grace Law CIC,http://www.aria-grace.com,42.0,London,New
1 Kings Bench Walk,http://www.1kbw.co.uk,81.0,London,Already Worked
Moss Fallon Solicitors Limited,http://www.mossfallon.com,29.0,London,New
Levison Meltzer Pigott,http://www.levisonmeltzerpigott.co.uk,23.0,London,New
Briffa - Intellectual Property Lawyers,http://www.briffa.com,38.0,London,Already Worked
Punter Southall Law,http://www.puntersouthall.law,23.0,London,New
RCJ Advice,http://www.rcjadvice.org.uk,27.0,London,New
IGAL : International Group of Accountants and Lawyers,http://www.igal-network.com,21.0,London,New
Fox & Partners,http://www.foxlawyers.com,27.0,London,New
Moriarty Law,http://www.moriartylaw.co.uk,29.0,London,New
Beverley Morris & Co.,http://www.beverleymorris.co.uk,25.0,London,New
Reprieve,http://www.reprieve.org,60.0,London,New
Sterling Law,http://www.sterling-law.co.uk,81.0,London,New
Eldwick Law,http://www.eldwicklaw.com,27.0,London,New
Preston Turnbull LLP,http://www.preston-turnbull.com,69.0,London,New
Founders Law,http://www.founders-law.co.uk,32.0,London,New
Arbor Law,http://www.arbor.law,29.0,London,New
ELSA Queen Mary,http://www.elsa-uk.org,22.0,London,New
Sunrise Solicitors,http://www.sunrisesolicitors.co.uk,31.0,London,New
Assurety,http://www.assuretytraining.com,23.0,London,New
SBP Law,http://www.sbplaw.co.uk,36.0,London,Already Worked
Oliver Fisher Solicitors,http://www.oliverfisher.co.uk,22.0,London,New
Volterra Fietta,http://www.volterrafietta.com,29.0,London,New
LawtechUK,http://www.lawtechuk.io,28.0,London,New
United Kingdom & Eire Malaysian Law Students' Union (KPUM),http://www.kpum.org,93.0,London,New
Grant & Graham Ltd.,http://www.grant-graham.co.uk,29.0,London,New
BIRCHAM DYSON BELL NOMINEES LIMITED,,47.0,London,New
Bishop & Sewell LLP (Monro Wright and Wasbrough),http://www.bishopandsewell.co.uk,100.0,London,New
Blackstone Chambers,http://www.blackstonechambers.com,96.0,London,New
Peters & Peters,http://www.petersandpeters.com,110.0,London,New
Charles Russell LLP,,130.0,London,New
Charities at Hunters Law,,,London,New
Lee & Thompson LLP,http://www.leeandthompson.com,120.0,London,New
Rights of Women,http://www.rightsofwomen.org.uk,27.0,London,New
Scissero,http://www.scissero.com,45.0,London,New
Hayward Moon,http://www.haywardmoon.co.uk,63.0,,New
SuLe,http://www.sule.io,22.0,London,New
Joint Council for the Welfare of Immigrants,http://www.jcwi.org.uk,24.0,London,New
Fusion Consulting Group,http://www.fcg.co.uk,62.0,London,New
Laura Devine Immigration,http://www.lauradevine.com,59.0,London,Already Worked
Reddie & Grose Patent and Trade Mark Attorneys,http://www.reddie.co.uk,190.0,London,New
The Legal Director,http://www.thelegaldirector.co.uk,62.0,London,New
Arnold & Siedsma,http://www.arnold-siedsma.nl,170.0,London,New
Peerpoint,http://www.peerpoint.com,180.0,London,New
3 Bolt Court Chambers,http://www.3boltcourt.com,24.0,London,New
Sharpe Pritchard Solicitors & Parliamentary Agents,http://www.sharpepritchard.co.uk,120.0,London,New
Branch Austin McCormick LLP,http://www.branchaustinmccormick.com,44.0,London,Already Worked
Solomonic,http://www.solomonic.co.uk,61.0,London,New
Wilton & Bain,http://www.wilton-bain.com,86.0,London,New
North Kensington Law Centre,http://www.nklc.org.uk,21.0,London,New
Keith Carter & Associates,http://www.keithcarter.co.uk,22.0,London,New
Slingsby Partners LLP,http://www.slingsbypartners.com,51.0,London,New
Harrison Associates,http://www.harrison.associates,120.0,London,New
Peacock & Co Solicitors,http://www.peacock-law.co.uk,32.0,London,New
Erskine Chambers,http://www.erskinechambers.com,41.0,London,Already Worked
British Medical Experts,http://www.britishmedicalexperts.com,130.0,London,New
MSP Organisation,http://www.msporganisation.co.uk,,London,New
Field Court Chambers,http://www.fieldcourt.co.uk,63.0,London,New
MFB Superyacht Lawyers,,50.0,London,New
Stephens,http://www.stephens.law,53.0,London,New
Page Group Ltd,http://www.pagegroupltd.com,29.0,London,New
City Community Legal Advice Centre (CityCLAC),http://www.instantimpress.fun,84.0,London,New
QredibleUK,http://www.qredible.co.uk,1.0,London,New
Lawgality | You Deserve the Right to Free Legal Aid,http://www.lawgality.com,50.0,London,New
South West London Law Centres,http://www.swllc.org,84.0,London,New
CreateiQ,http://www.createiq.tech,17.0,London,New
Martello Expert Services,http://www.martelloglobal.com,35.0,London,New
Venters Solicitors,http://www.venters.co.uk,19.0,London,New
Gherson LLP,http://www.gherson.com,72.0,London,New
4BB Chambers,http://www.4bb.co.uk,63.0,London,New
Nucleus Legal Advice Centre,http://www.nucleus.org.uk,57.0,London,New
Milberg London LLP,http://www.milberg.co.uk,48.0,London,New
Cavendish Legal Group,http://www.clglaw.co.uk,67.0,London,New
Liberty Solicitors,http://www.libertysolicitors.co.uk,30.0,London,New
PET PAVILION LIMITED,,21.0,London,New
RadcliffesLeBrasseur LLP,http://www.rlb-law.com,51.0,London,New
Quillon Law,http://www.quillonlaw.com,23.0,London,New
MFB Solicitors,http://www.m-f-b.co.uk,62.0,London,Already Worked
Cornerstone Barristers,http://www.cornerstonebarristers.com,75.0,London,Already Worked
Ingram Winter Green LLP,http://www.iwg.co.uk,42.0,London,New
Grosvenor Law,http://www.grosvenorlaw.com,28.0,London,New
Serjeants'​ Inn Chambers,http://www.serjeantsinn.com,110.0,London,New
Pallas Partners LLP,http://www.pallasllp.com,70.0,London,New
McCarthy Denning,http://www.mccarthydenning.com,74.0,London,New
Boulter and Co LLP Solicitors,http://www.boulterandco.com,21.0,London,New
Sphere Legal Limited,http://www.spherelegal.com,22.0,London,New
SLDP,http://www.sldp.ngo,22.0,London,New
Harcourt - Family Law,http://www.harcourtchambers.co.uk,57.0,London,Already Worked
Novo Executive Search,http://www.novoexec.com,45.0,London,New
33 Chancery Lane,http://www.33knowledge.com,43.0,London,New
Patron Law,http://www.patronlaw.co.uk,40.0,London,Already Worked
Valere Capital Partners LLP,http://www.valere-capital.com,22.0,London,New
PCB LAWYERS LLP,http://www.pcblawyers.com,22.0,London,New
3TG Barristers,http://www.3tg.co.uk,54.0,London,Already Worked
"QEB (Queen Elizabeth Building), Chambers of Katie Cowton KC & James Ewins KC.",http://www.qeb.co.uk,43.0,London,New
Artington Legal | B Corp,http://www.artington.com,18.0,London,New
Legal Nodes,http://www.legalnodes.com,33.0,London,New
Settlement Agreement Solicitors,http://www.settlementagreement.com,25.0,London,New
Morgan Sports Law,http://www.morgansl.com,23.0,London,New
DavidsonMorris,http://www.davidsonmorris.com,22.0,London,New
TLB,http://www.tlb.law,60.0,London,New
Anthony Gold Solicitors,http://www.anthonygold.co.uk,160.0,London,New
Gatehouse Chambers,http://www.gatehouselaw.co.uk,170.0,London,New
The Bar Council of England and Wales,http://www.barcouncil.org.uk,150.0,London,New
Techspert,http://www.techspert.com,80.0,London,New
Aequitas Global,http://www.aeqglobal.com,28.0,London,New
012 Global Ltd,http://www.012-global.com,22.0,London,New
Boult Wade Tennant,http://www.boult.com,200.0,London,New
Just for Kids Law,http://www.justforkidslaw.org,30.0,London,New
Axiom DWFM,http://www.axiomdwfm.com,71.0,London,New
F-LEX,,,London,New
Church Court Chambers,http://www.churchcourtchambers.co.uk,58.0,London,Already Worked
Millennium Chambers - The Barrister Network,http://www.millenniumchambers.com,31.0,London,New
XYZ Law,http://www.xyz.law,71.0,London,New
G3,http://www.g3.co,320.0,London,New
Millnet,http://www.millnet.co.uk,56.0,London,New
Dragon Argent,http://www.dragonargent.com,25.0,London,New
Amphlett Lissimore Solicitors,http://www.allaw.co.uk,63.0,London,New
PET PAVILION LIMITED,,,London,New
Ince & Co.,http://www.incegd.com,88.0,London,New
MEUM Group,http://www.meum.group,25.0,London,New
LANE IP LIMITED,http://www.laneip.com,42.0,London,New
Prosperity Law LLP,http://www.prosperitylaw.com,57.0,London,Already Worked
Three Raymond Buildings,http://www.3rblaw.com,67.0,London,New
New Court Chambers,http://www.newcourtchambers.com,60.0,London,Already Worked
Thomas Cooper LLP,,,London,New
REVENUE CONSULTING LTD,,41.0,London,New
Combar - The Commercial Bar Association,,,London,New
Diligence,http://www.diligence.com,67.0,London,New
Trama,http://www.tramatm.com,56.0,London,New
QEB Hollis Whiteman,http://www.qebholliswhiteman.co.uk,92.0,London,New
Sonn Macmillan Walker,http://www.sonnmacmillanwalker.co.uk,34.0,London,Already Worked
Davitt Jones Bould (DJB),http://www.djblaw.co.uk,95.0,London,New
Thomas Mansfield Solicitors,http://www.tmemploymentlaw.co.uk,44.0,London,Already Worked
3DJB,http://www.3djb.co.uk,30.0,London,New
Refugee Law Clinic,http://rli.sas.ac.uk/projects/refugee-law-clinic,37.0,London,New
"Mintz, Levin, Cohn, Ferris, Glovsky and Popeo, P.C.",,92.0,London,New
Spector Constant & Williams,http://www.scwlegal.co.uk,63.0,London,Already Worked
Slater Gordon Solutions,http://www.slatergordonsolutions.co.uk,97.0,London,New
Solicitors' Inn,http://www.solicitorsinn.co.uk,30.0,London,New
Bates Solicitors,http://www.batessolicitors.co.uk,26.0,London,New
2TG (2 Temple Gardens),http://www.2tg.co.uk,71.0,London,New
Carter-Ruck,http://www.carter-ruck.com,41.0,London,New
Canfields Law Limited,http://www.canfieldslaw.co.uk,24.0,London,New
Rosling King LLP,http://www.rkllp.com,33.0,London,Already Worked
Glovers,http://www.glovers.co.uk,71.0,London,New
"Cooke, Young & Keidan LLP",http://www.cyklaw.com,39.0,London,Already Worked
Harold Benjamin,http://www.haroldbenjamin.com,98.0,London,New
XXIV Old Buildings,http://www.xxiv.co.uk,67.0,London,New
Furnival Chambers,http://www.furnivalchambers.co.uk,82.0,London,Already Worked
Doyle Clayton,http://www.doyleclayton.co.uk,90.0,London,New
Onside Law,http://www.onsidelaw.co.uk,46.0,London,New
One Pump Court Chambers,http://www.onepumpcourt.co.uk,87.0,London,New
Hogarth Chambers,http://www.hogarthchambers.com,40.0,London,New
Collins Benson Goldhill LLP,http://www.cbglaw.co.uk,31.0,London,New
"2BR, The Chambers of Brian Altman KC and Christine Agnew KC",http://www.2bedfordrow.co.uk,78.0,London,New
9 King's Bench Walk,http://www.9kbw.com,37.0,London,Already Worked
Colman Coyle,http://www.colmancoyle.com,38.0,London,Already Worked
Woodfords Solicitors LLP,http://www.woodfords.co.uk,25.0,London,New
Markand & Co Solicitors LLP,http://www.markandsolicitors.co.uk,23.0,London,New
Maina & Maina advocates,,40.0,London,New
Francis Wilks & Jones,http://www.franciswilksandjones.co.uk,32.0,London,New
"2 Hare Court, Chambers of Jonathan Laidlaw KC",http://www.2harecourt.com,88.0,London,New
JPC,http://www.jpclaw.co.uk,57.0,London,New
G37 Chambers,http://www.g37chambers.com,29.0,London,New
Levenes Solicitors,http://www.levenes.co.uk,63.0,London,Already Worked
Lawstop,http://www.lawstop.co.uk,77.0,London,New
Central Chambers Law Solicitors,http://www.centralchamberslaw.com,41.0,London,New
BDBF LLP,http://www.bdbf.co.uk,37.0,London,Already Worked
New Square Chambers,http://www.newsquarechambers.co.uk,67.0,London,New
Comptons Solicitors LLP,http://www.comptons.co.uk,34.0,London,Already Worked
SHADFORTH PHARMACEUTICAL COMPANY LIMITED,,27.0,London,New
Malik & Malik Solicitors,http://www.malikandmalikuk.com,22.0,London,New
Public Law Project,http://www.publiclawproject.org.uk,38.0,London,New
11 New Square,http://www.11newsquare.com,30.0,London,New
Advocate,http://www.weareadvocate.org.uk,24.0,London,New
Archor,http://www.archor.co.uk,25.0,Langham,New
1 Crown Office Row,http://www.1cor.com,110.0,London,New
Olswang - (Now CMS),,150.0,London,New
The 36 Group,http://www.36group.co.uk,180.0,London,New
Deka Chambers,http://www.dekachambers.com,140.0,London,New
Kidd Rapinet LLP,http://www.kiddrapinet.co.uk,120.0,London,New
Finders International Probate Genealogists,http://www.findersinternational.com,160.0,London,New
Farani Taylor Solicitors,http://www.faranitaylor.com,90.0,London,New
4-5 Gray's Inn Square,http://www.4-5.co.uk,140.0,London,New
4 Pump Court,http://www.4pumpcourt.com,160.0,London,New
Kelmer Group,http://www.kelmer.com,43.0,London,New
Amicus ALJ,http://www.amicus-alj.org,85.0,London,New
Safe Passage International,http://www.safepassage.org.uk,47.0,London,New
Fairweather Law,http://www.fairweatherlaw.co.uk,34.0,Framlingham,New
REDRESS,http://www.redress.org,69.0,London,New
Pinsent Masons Vario,,200.0,London,New
STRIVE,http://www.strivetalent.org,27.0,London,New
Temple Garden Chambers,http://www.tgchambers.com,76.0,London,New
Hunters Law LLP,http://www.hunterslaw.com,100.0,London,New
Osbornes Law,http://www.osborneslaw.com,200.0,London,Already Worked
Council for Licensed Conveyancers - regulating property and probate lawyers,http://www.clc-uk.org,34.0,London,New
Legal Marketing Agency,,,London,New
12 Old Square,http://www.12oldsquare.com,28.0,London,New
Corker Binning,http://www.corkerbinning.com,38.0,London,New
5 Paper Buildings,http://www.5pb.co.uk,49.0,London,New
Pump Court Tax Chambers,http://www.pumptax.com,47.0,London,Already Worked
Bail for Immigration Detainees (BID),http://www.biduk.org,45.0,London,New
Briton Solicitors,http://www.britainsolicitors.co.uk,40.0,London,New
Crawford,,67.0,London,New
Malik Law Chambers,http://www.maliklaw.com,37.0,London,New
PEARSON SPECTER LIMITED,,27.0,London,New
Teacher Stern LLP,http://www.teacherstern.com,110.0,London,New
A Y & J Solicitors,http://www.ayjsolicitors.com,41.0,London,Already Worked
Keller Postman UK Limited,http://www.kellerpostman.co.uk,,London,New
The Visa Office,http://www.visa-office.com,28.0,London,New
vLex Global Markets,http://www.vlex.com,29.0,London,New
Joelson,http://www.joelsonlaw.com,80.0,London,New
National Legal Service Solicitors,http://www.nationallegalservice.co.uk,130.0,London,New
TV Edwards Solicitors LLP,http://www.tvedwards.com,110.0,London,New
5 Pump Court Chambers,http://www.5pumpcourt.com,54.0,London,Already Worked
Deighton Pierce Glynn Ltd,http://www.dpglaw.co.uk,60.0,London,Already Worked
Alchemmy,http://www.alchemmy.com,74.0,London,New
ICC FraudNet,http://www.iccfraudnet.org,85.0,London,New
CHRISTODOULOS G. VASSILIADES & CO. LLC,http://www.vasslaw.com,33.0,London,New
Coram Children's Legal Centre,http://www.childrenslegalcentre.com,39.0,London,New
Juno,http://www.juno.legal,130.0,London,New
JD Spicer Zeb,http://www.jdspicer.co.uk,43.0,London,New
EWS,http://www.ewswater.com,28.0,London,New
Thompson & Co Solicitors,http://www.thompsonlaw.co.uk,42.0,London,New
Refugee and Migrant Forum of Essex & London (RAMFEL),,,London,New
The Legal,http://www.thelegal.pro,78.0,London,New
STRIVE,http://www.strivetalent.org,27.0,London,New
Carter Lemon Camerons LLP,http://www.cartercamerons.com,42.0,London,New
Riseam Sharples,http://www.riseamsharples.com,46.0,London,Already Worked
FREEMANS SOLICITORS,http://www.freemanssolicitors.net,64.0,London,Already Worked
Hughes Fowler Carruthers,http://www.hfclaw.com,36.0,London,Already Worked
Wilsons Solicitors London,http://www.wilsonllp.co.uk,87.0,London,New
Tanfield Chambers,http://www.tanfieldchambers.co.uk,92.0,London,New
Stann,http://www.stann.com,28.0,London,New
Northman & Sterling,http://www.northmansterling.com,45.0,London,New
The Chartered Institute of Patent Attorneys,http://www.cipa.org.uk,58.0,London,New
Londonium Solicitors,http://www.londoniumsolicitors.co.uk,35.0,London,New
BULLIVANT LAW LIMITED,,63.0,London,New
Royds Llp,,36.0,London,New
Law and Lawyers LTD,http://www.lawandlawyers.co.uk,90.0,London,New
South Westminster Legal Advice Centre,http://www.swlac.org,30.0,London,New
Henderson Chambers,http://www.hendersonchambers.co.uk,76.0,London,New
Gannons,http://www.gannons.co.uk,20.0,London,New
Hamlins LLP,http://www.hamlins.com,110.0,London,Already Worked
Bowling & Co Solicitors,http://www.bowlinglaw.co.uk,50.0,London,New
AK LAW,http://www.ak-law.co.uk,24.0,London,New
Moore SGD Law,http://www.mooresgdlaw.com,29.0,London,New
Monckton Chambers,http://www.monckton.com,93.0,London,New
4 King’s Bench Walk (4KBW),http://www.4kbw.co.uk,53.0,London,New
Dawson Cornwell,http://www.dawsoncornwell.com,68.0,London,New
Northridge,http://www.northridgelaw.com,53.0,London,Already Worked
CANDEY,http://www.candey.com,50.0,London,Already Worked
Bond Solon Training,http://www.bondsolon.com,61.0,London,New
Radiant Law,http://www.radiantlaw.com,74.0,London,New
IK-IP Ltd,http://www.ik-ip.com,21.0,London,New
Legis Chambers,http://www.legischambers.com,26.0,London,New
Protopapas LLP,http://www.protopapas.co.uk,22.0,London,New
Lamb Building,http://www.lambbuilding.co.uk,62.0,London,New
Westkin Associates,http://www.westkinassociates.com,35.0,London,Already Worked
S. A. J Legal,http://www.saj.legal,22.0,London,New
Heirloom Fair Legal,http://www.heirloomfairlegal.com,24.0,London,New
Tatham & Co,http://www.tathamlaw.com,22.0,London,New
"EBR ATTRIDGE LLP | One of the Largest Expert Criminal Defence Lawyers in London, South-East & Essex",http://www.ebrattridge.com,47.0,London,New
Leadenhall Law Group,http://www.leadenhalllawgroup.co.uk,57.0,London,Already Worked
Old Bailey Solicitors,http://www.oblaw.co.uk,32.0,London,New
YVA Solicitors,http://www.yvasolicitors.com,35.0,London,New
Queen Mary Law Society,http://www.queenmarylawsociety.com,35.0,London,New
Reviewed & Cleared,http://www.reviewedandcleared.com,32.0,London,New
SEO London Corporate Law,,56.0,London,New
Leasehold Advisory Service (LEASE),http://www.lease-advice.org,47.0,London,New
Nexus Legal Recruitment,http://www.nexuslegalrecruitment.com,25.0,London,New
aosphere,http://www.aosphere.com,90.0,London,New
Prettys,http://www.prettys.co.uk,80.0,,New
Old Square Chambers,http://www.oldsquare.co.uk,78.0,London,New
Birkett Long,http://www.birkettlong.co.uk,73.0,,New
Wallace LLP,http://www.wallace.co.uk,130.0,London,New
Three Crowns LLP,http://www.threecrownsllp.com,170.0,London,New
Quadrant Chambers,http://www.quadrantchambers.com,140.0,London,New
Private Client Systems,http://www.privateclientsystems.co.uk,120.0,Harlow,New
Ackroyd Legal,http://www.ackroydlegal.com,160.0,London,New
Sheltons Group,http://www.sheltonsgroup.com,50.0,London,New
The Honourable Society of the Middle Temple,http://www.middletemple.org.uk,100.0,London,New
Crypto Legal,http://www.cryptolegal.it,200.0,London,New
Release,http://www.release.org.uk,66.0,London,New
"Queensbury: Legal Services, Project Management & Business Advisory Support",http://www.thequeensburygroup.com,26.0,London,New
Clintons,http://www.clintons.co.uk,130.0,London,New
Serle Court,http://www.serlecourt.co.uk,91.0,London,New
Outer Temple Chambers,http://www.outertemple.com,150.0,London,New
Simkins,http://www.simkins.com,89.0,London,New
Konexo,,190.0,London,New
"County - Enforcement, Security & Technical Protester Removal Specialists",http://www.countyuk.com,28.0,London,New
Sackers,http://www.sackers.com,100.0,London,New
RIAA Barker Gillette (UK) LLP,,43.0,London,New
Brandsmiths,http://www.brandsmiths.co.uk,58.0,London,Already Worked
RightHub,http://www.righthub.com,51.0,London,New
Beck Greener LLP,http://www.beckgreener.com,52.0,London,Already Worked
Charles Lyndon,http://www.charleslyndon.com,21.0,London,New
LSESU Law Society,http://www.lsesulawsoc.com,27.0,London,New
MTG SOLICITORS,http://www.mtgsolicitors.com,38.0,London,New
MAPS Medical,http://www.maps-medical.co.uk,39.0,London,New
Bishopsgate Law,http://www.bishopsgatelaw.com,200.0,London,New
Anexsys Ltd,http://www.anexsys.com,26.0,London,New
Lamb Chambers,http://www.lambchambers.co.uk,68.0,London,New
Beck Fitzgerald,http://www.beckfitzgerald.co.uk,31.0,London,New
Rocket Lawyer UK,http://www.rocketlawyer.co.uk,17.0,London,New
Scott-Moncrieff & Associates Ltd,http://www.scomo.com,55.0,London,New
W H Matthews & Co Solicitors,http://www.whmatthews.com,23.0,London,New
Legend Solicitors,http://www.legendsolicitors.org,31.0,London,New
Marlin Hawk,http://www.marlinhawk.com,53.0,London,New
Farewill,http://www.farewill.com,48.0,London,New
The Burnside Partnership,http://www.theburnsidepartnership.com,30.0,London,New
"De Pinna LLP, Notaries",http://www.depinna.com,69.0,London,Already Worked
WorkPermitCloud Ltd.,http://www.workpermitcloud.co.uk,33.0,London,New
amicable divorce,http://www.amicable.io,75.0,London,New
7 King's Bench Walk,http://www.7kbw.co.uk,92.0,London,New
Portner Law Limited,http://www.portner.co.uk,24.0,London,New
Creighton & Partners,http://www.creighton.co.uk,43.0,London,New
Devereux Chambers,,,London,New
Curzon Green Solicitors,http://www.curzongreen.co.uk,38.0,London,New
Mary Ward Legal Centre,http://www.marywardlegal.org.uk,23.0,London,New
ILFA,http://www.ilfaafrica.com,29.0,London,New
JPA International Legal Services,http://www.jpalegal.com,35.0,London,New
AllAboutLaw,,,London,New
Great James Street Chambers,http://www.greatjames.co.uk,47.0,London,New
Crucible,http://www.crucible.law,31.0,London,New
Combar - The Commercial Bar Association,http://www.combar.com,60.0,London,New
Freedom Law Clinic,http://www.freedomlawclinic.org,31.0,London,New
FinLegal,http://www.finlegal.io,37.0,London,New
Vyman Solicitors,http://www.vyman.co.uk,51.0,London,New
Fentons Solicitors LLP,,32.0,London,New
DKLM LLP,http://www.dklm.co.uk,61.0,London,New
5 St Andrew's Hill,http://www.5sah.co.uk,98.0,London,New
Saville & Co. Scrivener Notaries,http://www.savillenotaries.com,27.0,London,New
Accutrainee Limited,http://www.accutrainee.com,20.0,London,Already Worked
Coram Chambers,http://www.coramchambers.co.uk,97.0,London,New
Legal Business Minds,http://www.legalbusinessminds.com,4.0,London,New
Lewis Nedas Law,http://www.lewisnedas.co.uk,56.0,London,Already Worked
Jaffa & Co,http://www.jaffa-co.com,23.0,London,New
Level,http://www.level.law,62.0,London,Already Worked
DL,http://www.dascanioleshi.com,31.0,London,New
Prospect Law,http://www.prospectlaw.co.uk,26.0,London,New
Enyo Law LLP,http://www.enyolaw.com,82.0,London,New
Zaiwalla & Co,http://www.zaiwalla.co.uk,21.0,London,New
Humphries Kerstetter LLP,http://www.humphrieskerstetter.com,25.0,London,New
Town Legal LLP,http://www.townlegal.com,66.0,London,New
Memery Crystal,http://www.memerycrystal.com,37.0,London,New
Masters Legal Costs Services LLP,http://www.masters-legal.co.uk,39.0,London,New
JFH Law,http://www.jfhlaw.co.uk,23.0,London,New
Manches - see Penningtons Manches LLP,http://www.penningtons.co.uk,69.0,London,New
3 Hare Court Chambers,http://www.3harecourt.com,63.0,London,New
Albertson Solicitors,http://www.albertson.law,17.0,London,New
Ten Old Square,http://www.tenoldsquare.com,33.0,London,New
Cloisters Chambers,http://www.cloisters.com,83.0,London,New
5RB,http://www.5rb.com,53.0,London,New
Konexo Legal Resourcing,http://www.konexoglobal.com,40.0,London,New
Harcus Parker Limited,http://www.harcusparker.co.uk,41.0,London,New
8 New Square Intellectual Property,http://www.8newsquare.co.uk,30.0,London,New
MORGAN HAS SOLICITORS LTD,http://www.morganhassolicitors.co.uk,36.0,London,New
Stuart Miller Solicitors,http://www.stuartmillersolicitors.co.uk,56.0,London,Already Worked
محمد ابوشنب,,37.0,London,New
LawFirms,http://www.lawfirms.co.uk,20.0,London,New
Burlingtons,http://www.burlingtons.group,44.0,London,Already Worked
Farrar's Building,http://www.farrarsbuilding.co.uk,77.0,London,New
"Athenian Sea Carriers, Ltd.",,34.0,London,New
Bellevue Law,http://www.bellevuelaw.co.uk,34.0,London,New
Magrath Sheldrick LLP,http://www.magrath.co.uk,64.0,London,New
LegalEdge,http://www.legaledge.co.uk,71.0,London,Already Worked
Cleveland Scott York,http://www.csy-ip.com,45.0,London,New
Constantine Law,http://www.constantinelaw.co.uk,37.0,London,New
Reiss Edwards,http://www.reissedwards.co.uk,23.0,London,New
One Essex Court,http://www.oeclaw.co.uk,140.0,London,New
Littleton Chambers,http://www.littletonchambers.com,110.0,London,New
Landmark Chambers,http://www.landmarkchambers.co.uk,130.0,London,New
Brick Court Chambers,http://www.brickcourt.co.uk,140.0,London,New
Nicholsons Solicitors LLP,http://www.nicholsonslaw.com,40.0,Lowestoft,New
Templar Consultants,http://www.templarconsultants.com,42.0,London,New
Lauristons,http://www.lauristonlawfirm.com,26.0,London,New
Work Rights Centre,http://www.workrightscentre.org,24.0,London,New
Essex Court Chambers,http://www.essexcourt.com,120.0,London,New
London Solicitors,http://www.greymore.com,52.0,London,New
MRA Search,http://www.mrasearch.co.uk,81.0,London,New
Drystone Chambers,http://www.drystone.com,63.0,London,New
Islamophobia Response Unit,http://www.theiru.org.uk,33.0,London,New
HJT Training Ltd,http://www.hjt-training.co.uk,28.0,London,New
Farringdon Barristers Chambers,http://www.farringdon-law.co.uk,34.0,London,New
Starck Uberoi Solicitors & Advocates,http://www.starckuberoi.co.uk,40.0,London,Already Worked
Lawmatic Solicitors,http://www.lawmaticsolicitors.com,38.0,London,New
Keller Postman UK Limited,http://www.kpl.co.uk,68.0,London,New
Raedas,http://www.raedas.com,33.0,London,New
Jalubro,http://www.jalubro.com,26.0,London,New
Lawfront,http://www.lawfront.com,86.0,London,New
Media Defence,http://www.mediadefence.org,24.0,London,New
Sinclair Gibson LLP,http://www.sinclairgibson.com,37.0,London,Already Worked
1 Hare Court,http://www.1hc.com,58.0,London,New
The Society of Construction Law,http://www.scl.org.uk,29.0,London,New
Cavendish Legal Group,,,London,New
UKELA - UK Environmental Law Association,http://www.ukela.org,70.0,London,New
A ROOM IN MY HOUSE LIMITED,,28.0,London,New
European Criminal Bar Association,http://www.ecba.org,35.0,London,New
ERM Libryo Collaborate,,44.0,London,New
IWGB - Independent Workers Union of Great Britain,http://www.iwgb.org.uk,31.0,London,New
Mountford Chambers,http://www.mountfordchambers.com,62.0,London,New
Goodman Ray,http://www.goodmanray.com,61.0,London,New
A4ID - Advocates for International Development,http://www.a4id.org,32.0,London,New
Blackfords LLP,http://www.blackfords.com,64.0,London,New
Wikborg Rein London,,36.0,London,Already Worked
Ignition Law,http://www.ignition.law,46.0,London,Already Worked
Bark&Co,http://www.barkco.com,40.0,London,New
Junior Lawyers Division,,26.0,London,New
Merali Beedle,http://www.meralibeedle.com,61.0,London,Already Worked
Adam Bernard Solicitors,http://www.adambernards.co.uk,64.0,London,New
9BR Chambers,http://www.9brchambers.co.uk,64.0,London,New
Chisty Law Chambers,http://www.chistylawchambers.com,86.0,London,New
Speechly Bircham,http://www.speechlys.com,63.0,London,New
Norman H Barnett & Co Solicitors,http://www.normanhbarnett.co.uk,26.0,London,New
Westbrook Law,http://www.westbrooklaw.co.uk,24.0,London,New
Family Law in Partnership,http://www.flip.co.uk,53.0,London,Already Worked
Atkin Chambers,http://www.atkinchambers.com,76.0,London,New
NEC Contracts®,http://www.neccontract.com,24.0,London,New
Child & Child,http://www.childandchild.co.uk,91.0,London,New
Howe and Co,http://www.howe.co.uk,25.0,London,New
Radcliffe Chambers,http://www.radcliffechambers.com,89.0,London,New
Francis Taylor Building,http://www.ftbchambers.co.uk,76.0,London,New
Mackrell International Legal Network,http://www.mackrell.net,23.0,London,New
Hailsham Chambers,http://www.hailshamchambers.com,76.0,London,New
Three Stone,http://www.threestone.law,39.0,London,New
Muscatt Black Graf LLP,http://www.muscattblackgraf.com,27.0,London,New
South Square,http://www.southsquare.com,72.0,London,New
Hickman & Rose,http://www.hickmanandrose.co.uk,54.0,London,New
Specters Solicitors,http://www.specters.co.uk,31.0,London,New
HCO,http://www.hco.legal,49.0,London,New
The Law Corner,http://www.thelawcorner.org.uk,21.0,London,New
Gold Jennings Solicitors,http://www.goldjennings.co.uk,23.0,London,New
ILPA - Immigration Law Practitioners'​ Association,http://www.ilpa.org.uk,28.0,London,New
ReFly,http://www.refly.org,36.0,London,New
Maples Teesdale LLP,http://www.maplesteesdale.co.uk,80.0,London,New
Bolt Burdon,http://www.boltburdon.co.uk,71.0,London,New
"Incorporated Council of Law Reporting for England and Wales (""ICLR"")",http://www.iclr.co.uk,53.0,London,New
Rooks Rider Solicitors LLP,http://www.rooksrider.co.uk,31.0,London,New
Selborne Chambers,http://www.selbornechambers.co.uk,75.0,London,New
CM Murray LLP,http://www.cm-murray.com,35.0,London,New
Sperrin Law,http://www.sperrinlaw.net,23.0,London,New
Fahri LLP,http://www.fahrillp.com,58.0,London,Already Worked
Gulbenkian Andonian Solicitors,http://www.gulbenkian.co.uk,20.0,London,New
PERIPATETIC LIMITED,,27.0,London,New
Seladore Legal,http://www.seladorelegal.com,38.0,London,Already Worked
Holborn Adams Solicitors,http://www.holbornadams.com,30.0,London,New
CDS Mayfair,http://www.cdsmayfair.com,33.0,London,New
Expatriate Law Ltd,http://www.expatriatelaw.com,24.0,London,New
Trans Legal Clinic,http://www.translegalclinic.com,19.0,London,New
Sriharans Solicitors,http://www.sriharanssolicitors.co.uk,20.0,London,New
Rose Court Chambers,http://www.rosecourtchambers.com,22.0,London,New
LegaMart,http://www.legamart.com,29.0,London,New
Oikonomakis Law,http://www.oikonomakislaw.com,52.0,London,New
Marriott Harrison,http://www.marriottharrison.com,100.0,London,Already Worked
Matrix Chambers,http://www.matrixlaw.co.uk,130.0,London,New
Maucher Jenkins,http://www.maucherjenkins.com,130.0,London,New
Brecher LLP,http://www.brecher.co.uk,110.0,London,New
Streathers Solicitors,http://www.streathers.co.uk,140.0,London,New
Hedley May,http://www.hedleymay.com,33.0,London,New
Wilberforce Chambers,http://www.wilberforce.co.uk,90.0,London,New
Rimkus APAC and EMEA,,77.0,London,New
Ignata,http://www.ignata.com,57.0,London,New
ECB STAR Group,http://www.ecbstar.com,56.0,London,New
GCE Global,http://www.gce.global,150.0,London,New
Ctori Construction Consultants,http://www.ctori.com,23.0,London,New
Naomi Korn Associates,http://www.naomikorn.com,21.0,London,New
Vocalegal,http://www.vocalegalglobal.com,25.0,London,New
Corporate Law Solicitors,,31.0,London,New
Apostille Service,,56.0,London,New
PromoVeritas,http://www.promoveritas.com,63.0,London,New
Sharper Labs HR and Legal Consultancy,http://www.sharper-labs.com,24.0,London,New
Sherrards,http://www.sherrards.com,90.0,London,New
7BR,http://www.7br.co.uk,93.0,London,New
1GC Family Law,http://www.1gc.com,91.0,London,New
Oracle Solicitors,http://www.oraclelawglobal.com,160.0,London,New
Thomas Cooper LLP,http://www.thomascooperlaw.com,40.0,London,New
UCL Law Society,http://www.ucllawsoc.com,86.0,London,New
4 Stone Buildings,http://www.4stonebuildings.com,45.0,London,New
33 Bedford Row,http://www.33bedfordrow.co.uk,140.0,London,New
GN Law,http://www.gnlaw.co.uk,59.0,London,New
Five Paper,http://www.fivepaper.com,56.0,London,Already Worked
1MCB Chambers,http://www.1mcb.com,19.0,London,New
PARALAW | A Consilio company,http://www.paralaw.co.uk,30.0,London,New
11 Stone Buildings,http://www.11sb.com,,London,New
Refugee and Migrant Forum of Essex & London (RAMFEL),http://www.ramfel.org.uk,34.0,London,New
Marten Walsh Cherer,http://www.martenwalshcherer.com,34.0,London,New
Statura Group,http://www.staturagroup.com,37.0,London,New
Complete Projects,http://www.completeprojects.co.uk,29.0,London,New
QCL Solicitors,http://www.qcl.co.uk,49.0,London,New
The Death Penalty Project,http://www.deathpenaltyproject.org,27.0,London,New
JP Legal,http://www.j-plegal.com,110.0,London,New
The AIRE Centre,http://www.airecentre.org,27.0,London,New
NatWest Mentor,http://www.natwestmentor.co.uk,99.0,London,New
Privada Ltd,http://www.privada.co.uk,51.0,London,New
Chan Neill Solicitors,http://www.cnsolicitors.com,31.0,London,New
MALIK LAW ASSOCIATES LTD,,38.0,London,New
Hawkish Consulting,http://www.hawkishconsulting.com,50.0,London,New
Libertas Chambers,http://www.libertaschambers.com,33.0,London,Already Worked
Across The Board AI,http://www.acrosstheboard.ai,2.0,London,New
Themisa,http://www.themisa.com,1.0,London,New
"GPW, a part of J.S. Held",http://www.gpwltd.com,47.0,London,New
Wainwright & Cummins Solicitors LLP,http://www.wainwrightcummins.co.uk,28.0,London,New
"Four Brick Court, Chambers",,35.0,London,New
University of Westminster Legal Advice Clinic,http://www.uowlegaladviceclinic.org.uk,55.0,London,New
BVL,http://www.bvl.org.uk,35.0,London,New
Rosenblatt,http://www.rosenblatt-law.co.uk,31.0,London,New
Caytons - A Gallagher Bassett Company,http://www.caytonslaw.com,46.0,London,New
Obelisk Support | B Corp Certified,http://www.obelisksupport.com,41.0,London,New
Meaby & Co,http://www.meaby.co.uk,48.0,London,Already Worked
Nicholas & Co Solicitors Ltd,http://www.nicholassolicitors.com,29.0,London,New
My Inhouse Lawyer,http://www.myinhouselawyer.uk,35.0,London,New
Miles & Partners,http://www.milesandpartners.com,65.0,London,New
DJF Solicitors,http://www.djfsolicitors.co.uk,46.0,London,New
GDPR,http://www.gdpr.eu,23.0,London,New
PCB Byrne LLP,http://www.pcb-byrne.com,55.0,London,Already Worked
Stokoe Partnership - leading criminal defence solicitors,http://www.stokoepartnership.com,26.0,London,New
Devereux Chambers,http://www.devereuxchambers.co.uk,78.0,London,New
12 King's Bench Walk,http://www.12kbw.co.uk,110.0,London,Already Worked
Jurit LLP - Solicitors,http://www.jurit.com,20.0,London,New
Solomon Taylor & Shaw LLP,http://www.solts.co.uk,42.0,London,Already Worked
The International Family Law Group LLP,http://www.iflg.uk.com,23.0,London,New
Prince Evans Solicitors LLP,http://www.prince-evans.co.uk,44.0,London,Already Worked
Russells Solicitors,http://www.russells.co.uk,74.0,London,New
3CS Corporate Solicitors,http://www.3cslondon.com,43.0,London,New
Rosenblatt Law,http://www.rosenblatt.law,38.0,London,Already Worked
Whitestone Chambers,http://www.whitestonechambers.com,22.0,London,New
King's College London Bar and Mooting Society,http://www.kclbms.org,26.0,London,New
southgate solicitors,http://www.southgate.co.uk,23.0,London,New
Jury O'Shea LLP,http://www.juryoshea.com,130.0,London,New
Cognia Law,http://www.cognialaw.com,90.0,London,New
Harbour,http://www.harbourlitigationfunding.com,25.0,London,New
W Legal,http://www.wlegal.co.uk,43.0,London,Already Worked
Trinity International,http://www.trinityllp.com,92.0,London,New
Pothecary Witham Weld inc. Haslam & Payne Solicitors,http://www.pwwsolicitors.co.uk,21.0,London,New
Six Pump Court Chambers,http://www.6pumpcourt.co.uk,54.0,London,Already Worked
Hanne & Co. Solicitors LLP,http://www.hanne.co.uk,77.0,London,New
Mezzle.,http://www.mezzlelaw.com,81.0,London,New
Law Lane Solicitors,http://www.lawlanesolicitors.co.uk,76.0,London,New
Woodcock Law & Notary Public,http://www.woodcocklaw.co.uk,24.0,London,New
Career Craft Consultants,http://www.careercraftconsultants.co.uk,22.0,London,New
Cruickshanks,http://www.lawco.co.uk,21.0,London,New
New Media Law LLP,http://www.newmedialaw.biz,25.0,London,New
The Chartered Institute of Trade Mark Attorneys,http://www.citma.org.uk,40.0,London,New
Alexander JLO Solicitors,http://www.london-law.co.uk,45.0,London,New
2DRJ Barristers,http://www.2drj.com,39.0,London,New
ITN Solicitors,http://www.itnsolicitors.com,40.0,London,Already Worked
Greenberg Traurig London,,70.0,London,New
Gough Square Chambers,http://www.goughsq.co.uk,33.0,London,New
Richmond Chambers Immigration Barristers,http://www.immigrationbarrister.co.uk,33.0,London,New
Burke Niazi Ltd,http://www.burkeniazi.com,42.0,London,New
Tessa Gough Associates,http://www.tessagough.co.uk,34.0,London,New
Twenty Essex,http://www.twentyessex.com,97.0,London,New
Giambrone & Partners International Law Firm,http://www.giambronelaw.com,180.0,London,New
Withers & Rogers,http://www.withersrogers.com,190.0,London,New
LPC Advocates,,22.0,London,New
Crown Office Chambers,http://www.crownofficechambers.com,120.0,London,New
Morrison De Whyte Law FIrm,http://www.morrisondewhyte.com,200.0,London,New
Pump Court Chambers,http://www.pumpcourtchambers.com,150.0,London,New
Ronald Fletcher Baker LLP,http://www.rfblegal.co.uk,150.0,London,New
Support Through Court,http://www.supportthroughcourt.org,31.0,London,New
International Law Association,http://www.ila-hq.org,150.0,London,New
25 Bedford Row,http://www.25bedfordrow.com,110.0,London,New
Signature Litigation,http://www.signaturelitigation.com,100.0,London,New
Collyer Bristow,http://www.collyerbristow.com,140.0,London,New
3 Verulam Buildings,http://www.3vb.com,140.0,London,New
Boys and Maughan Solicitors,http://www.boysandmaughan.co.uk,180.0,Margate,New
Homey,http://www.homey.co.uk,92.0,London,New
Global BPO,http://www.globalbpo.co.uk,150.0,London,New
Seddons GSC,http://www.seddons-gsc.com,150.0,London,New
Environmental Law Foundation,http://www.elflaw.org,29.0,London,New
CSR PROJECTS,http://www.csrprojects.org,39.0,London,New
Danos Group,http://www.thedanosgroup.com,54.0,London,New
Healys LLP,http://www.healys.com,150.0,London,New
Cleveland & Co,http://www.cleveland-co.com,25.0,London,New
Ince,http://www.incelaw.com,170.0,London,New
Bross Bennett,http://www.brossbennett.co.uk,29.0,London,New
Gill Jennings & Every LLP,http://www.gje.com,130.0,London,New
42 Bedford Row Barristers,http://www.42br.com,130.0,London,New
Kain Knight,http://www.kain-knight.co.uk,72.0,London,New
Edmonds Marshall McMahon,http://www.emmlegal.com,42.0,London,New
The IPKat,http://www.ipkitten.blogspot.com,17.0,London,New
City Solicitors Horizons,http://www.citysolicitorshorizons.org,50.0,London,New
GSC Solicitors LLP,http://www.gscsolicitors.com,27.0,London,New
King's College London Pro Bono Society,http://www.kclprobono.org,30.0,London,New
Wordley Partnership,http://www.wordleylaw.com,32.0,London,New
Blavo & Co Solicitors,http://www.legalblavo.co.uk,42.0,London,New
Atlantic Solicitors,http://www.atlanticsolicitors.com,34.0,London,New
Real People Casting Limited,http://www.realpeople.co.uk,55.0,London,New
Kindleworth LLP,http://www.kindleworth.com,46.0,London,New
FromCounsel,http://www.fromcounsel.com,81.0,London,New
Altlaw eDiscovery,http://www.altlaw.co.uk,23.0,London,New
Audere International,http://www.auderegroup.com,35.0,London,New
Anti Trafficking and Labour Exploitation Unit (ATLEU),http://www.atleu.org.uk,24.0,London,New
Alaco,http://www.alaco.com,41.0,London,New
Burgess Mee Family Law,http://www.burgessmee.com,34.0,London,New
RW Blears,http://www.blears.com,22.0,London,New
Legal Services Board,http://www.legalservicesboard.org.uk,63.0,London,New
Tomes & Partners Ltd.,http://www.tomespartners.com,200.0,London,New
Cheeswrights LLP,http://www.cheeswrights.com,26.0,London,New
36 Stone,http://www.36stone.co.uk,34.0,London,New
MSP Organisation,,,London,New
"Nexus, Chambers",http://www.nexuschambers.com,33.0,London,New
Europe Economics,http://www.europe-economics.com,27.0,London,New
Legal Marketing Agency,,21.0,London,New
London Law Conference,http://www.londonlawconference.com,43.0,London,New
qLegal,http://www.q-legal.co.uk,68.0,London,New
187 Chambers,http://www.187chambers.com,62.0,London,New
City of London Law Society (CLLS),http://www.clls.org,42.0,London,New
Octopus Legacy,http://www.octopuslegacy.com,110.0,London,New
Global Migrate - International Immigration & Citizenship Law Firm,http://www.global-migrate.com,92.0,London,New
15 NBS,http://www.15nbs.com,54.0,London,New
Birnberg Peirce Solicitors,http://www.birnbergpeirce.co.uk,48.0,London,Already Worked
Smith Stone Walters Ltd,http://www.smithstonewalters.com,48.0,London,New
City Century,http://www.citycentury.co.uk,42.0,London,New
SEQUENTUS,http://www.sequentus.org,25.0,London,New
1EC Barristers,http://www.1ec.co.uk,25.0,London,New
BRITISH BORNEO OIL AND GAS LTD.,,22.0,London,New
AFP Bloom LLP,http://www.afpbloom.com,20.0,London,New
Royds solicitors,http://www.roydswithyking.com,30.0,London,New
Enterprise Chambers,http://www.enterprisechambers.com,66.0,London,New
Fenwick Elliott LLP,http://www.fenwickelliott.com,90.0,London,New
Joseph Hage Aaronson & Bremen LLP,http://www.jha.com,80.0,London,New
North Star Law,http://www.northstarlaw.co.uk,30.0,London,New
Quastels,http://www.quastels.com,83.0,London,New
Mackrell LLP,http://www.mackrell.com,55.0,London,Already Worked
4PB,http://www.4pb.com,93.0,London,Already Worked
BCL Solicitors LLP,http://www.bcl.com,64.0,London,New
29 Bedford Row,http://www.29br.co.uk,70.0,London,New
Richardson Lissack,http://www.richardsonlissack.co.uk,22.0,London,New
MSP Organisation,http://www.msporganisation.co.uk,36.0,London,New
MSEB CONTRACTING SERVICES LIMITED,,23.0,London,New
36 Family,,25.0,London,New
Human Dignity Trust,http://www.humandignitytrust.org,20.0,London,New
APPEAL,http://www.appeal.org.uk,33.0,London,New
Wesley Gryk Solicitors LLP,http://www.gryklaw.com,22.0,London,New
Page White Farrer,http://www.pagewhite.com,58.0,London,New
Global Law Experts,http://www.globallawexperts.com,37.0,London,New
Connaught Law,http://www.connaughtlaw.com,22.0,London,New
Ashton Ross Law,http://www.ashtonrosslaw.com,32.0,London,New
Gordons Partnership,http://www.gordonsols.co.uk,77.0,London,New
Judge Sykes Frixou,http://www.judgesykesfrixou.com,40.0,London,Already Worked
Breytenbachs Immigration Consultants Ltd,http://www.bic-immigration.com,38.0,London,Already Worked
Preiskel & Co LLP,http://www.preiskel.com,42.0,London,New
Bude Nathan Iwanier LLP,http://www.bnilaw.co.uk,39.0,London,New
Auxilio,http://www.auxiliouk.com,58.0,London,New
Adams Kaye,http://www.adamskaye.com,30.0,London,New
Arbitra International,http://www.arbitra.co.uk,25.0,London,New
Astraea,http://www.astraea-group.com,31.0,London,New
The Lawn Co,,20.0,Finchingfield,New
City St George's Women in Law Society,http://www.citystudents.co.uk,44.0,London,New
Fietta LLP,http://www.fiettalaw.com,22.0,London,New
Maitland,http://www.maitlandchambers.com,87.0,London,New
Fisher Jones Greenwood LLP,http://www.fjg.co.uk,190.0,Colchester,New
Keating Chambers,http://www.keatingchambers.com,98.0,London,New
Simons Muirhead Burton LLP,http://www.smb.london,160.0,London,New
Bindmans,http://www.bindmans.com,170.0,London,New
Red Lion Chambers,http://www.redlionchambers.co.uk,120.0,London,New
Fountain Court Chambers,http://www.fountaincourt.uk,120.0,London,New
Eton Bridge Partners Ltd,http://www.etonbridgepartners.com,150.0,London,New
4 New Square Chambers,http://www.4newsquare.com,98.0,London,New
Beale & Co,http://www.beale-law.com,130.0,London,New
23ES,http://www.23es.com,130.0,London,New
Abel + Imray,http://www.abelimray.com,110.0,London,New
Flex Legal,http://www.flex.legal,180.0,London,New
SeedLegals,http://www.seedlegals.com,160.0,London,New
Attorney General's Office (UK),,130.0,London,New
Deacon,http://www.deaconlegal.com,25.0,London,New
Justice Defenders,http://www.justice-defenders.org,110.0,London,New
Griffins,http://www.griffins.net,72.0,London,New
